<?xml version="1.0" encoding="UTF-8" standalone="yes"?>
<deployment-descriptor xsi:schemaLocation="http://www.jboss.org/jbpm deployment-descriptor.xsd" xmlns:xsi="http://www.w3.org/2001/XMLSchema-instance">
    <persistence-unit>org.jbpm.domain</persistence-unit>
    <audit-persistence-unit>org.jbpm.domain</audit-persistence-unit>
    <audit-mode>JPA</audit-mode>
    <persistence-mode>JPA</persistence-mode>
    <runtime-strategy>SINGLETON</runtime-strategy>
    <marshalling-strategies>
        <marshalling-strategy>
            <resolver>mvel</resolver>
            <identifier>new org.jbpm.document.marshalling.DocumentMarshallingStrategy();</identifier>
            <parameters/>
        </marshalling-strategy>
    </marshalling-strategies>
    <event-listeners/>
    <task-event-listeners/>
    <globals/>
    <work-item-handlers>
        <work-item-handler>
            <resolver>mvel</resolver>
            <identifier>new org.jbpm.process.workitem.email.EmailWorkItemHandler("smtp.omfysgroup.com", "587", "hrdesk@omfysgroup.com", "Omfys@123")</identifier>
            <parameters/>
            <name>Email</name>
        </work-item-handler>
        <work-item-handler>
            <resolver>mvel</resolver>
            <identifier>new org.jbpm.process.workitem.executesql.ExecuteSqlWorkItemHandler("java:jboss/kie/datasources/c83db2b2-6110-48c2-9bc8-eacb478443b1_39c91308-6cff-4a50-a188-65a4e0a0bd63")</identifier>
            <parameters/>
            <name>ExecuteSQL</name>
        </work-item-handler>
        <work-item-handler>
            <resolver>mvel</resolver>
            <identifier>new org.jbpm.process.workitem.pdf.GeneratePDFWorkitemHandler()</identifier>
            <parameters/>
            <name>GeneratePDF</name>
        </work-item-handler>
    </work-item-handlers>
    <environment-entries/>
    <configurations/>
    <required-roles/>
    <remoteable-classes/>
    <limit-serialization-classes>true</limit-serialization-classes>
</deployment-descriptor>
